mobimet_ID, temp_cal_a0, temp_cal_a1, vap_cal_a0, vap_cal_a1
1,-0.125007,1.01560,0,1,0,1
2,-0.414128,1.01603,0.0284957,0.966890,0,1
3,0.161944,1.01913,0,1,0,1
4,-0.174018,1.01591,0,1,0,1
5,0,1,0,1,0,1
6,0,1,0,1,0,1
7,0,1,0,1,0,1
8,0,1,0,1,0,1
9,0,1,0,1,0,1
10,0,1,0,1,0,1 
11,0,1,0,1,0,1
12,-0.741793,1.02488,-0.263497,0.863435
13,-0.138619,1.01733,0,1,0,1
14,-0.862656,1.02823,-0.256144,0.873416
